id,firstname,lastname,email,country
1,Kimberley,Cassius,Kimberley.Cassius@yopmail.com,Bolivia
2,Daphne,Anyah,Daphne.Anyah@yopmail.com,Sierra Leone
3,Roberta,McNully,Roberta.McNully@yopmail.com,Heard Island and Mcdonald Islands
4,Penelopa,Hertzfeld,Penelopa.Hertzfeld@yopmail.com,Guadeloupe
5,Gilda,Buckler,Gilda.Buckler@yopmail.com,Somalia
6,Roseline,Carri,Roseline.Carri@yopmail.com,Venezuela
7,Eolanda,Atonsah,Eolanda.Atonsah@yopmail.com,Switzerland
8,Gilligan,Nahum,Gilligan.Nahum@yopmail.com,Nigeria
9,Cindelyn,Suanne,Cindelyn.Suanne@yopmail.com,Ukraine
10,Nicoli,Vittoria,Nicoli.Vittoria@yopmail.com,Ireland
11,Tressa,Sheedy,Tressa.Sheedy@yopmail.com,Honduras
12,Almeta,Stevy,Almeta.Stevy@yopmail.com,Iceland
13,Inga,Aldric,Inga.Aldric@yopmail.com,El Salvador
14,Ernesta,Publia,Ernesta.Publia@yopmail.com,Ireland
15,Paola,Eben,Paola.Eben@yopmail.com,Mozambique
16,Laurene,Dituri,Laurene.Dituri@yopmail.com,Honduras
17,Linet,Merell,Linet.Merell@yopmail.com,Argentina
18,Mahalia,Ailyn,Mahalia.Ailyn@yopmail.com,Turkey
19,Barbara,Terencio,Barbara.Terencio@yopmail.com,Seychelles
20,Jessamyn,Mandler,Jessamyn.Mandler@yopmail.com,Tajikistan
21,Helena,Ummersen,Helena.Ummersen@yopmail.com,Zimbabwe
22,Melisent,Beniamino,Melisent.Beniamino@yopmail.com,AndorrA
23,Wileen,Alarise,Wileen.Alarise@yopmail.com,Heard Island and Mcdonald Islands
24,Gianina,Jaylene,Gianina.Jaylene@yopmail.com,Tunisia
25,Nannie,Kare,Nannie.Kare@yopmail.com,Bulgaria
26,Doro,Prober,Doro.Prober@yopmail.com,South Georgia and the South Sandwich Islands
27,Kathi,Gusella,Kathi.Gusella@yopmail.com,Wallis and Futuna
28,Ricky,Hessler,Ricky.Hessler@yopmail.com,Malawi
29,Chloris,Secrest,Chloris.Secrest@yopmail.com,Lebanon
30,Kamilah,Heisel,Kamilah.Heisel@yopmail.com,Christmas Island
31,Ardeen,Loeb,Ardeen.Loeb@yopmail.com,Nicaragua
32,Annaliese,Glenden,Annaliese.Glenden@yopmail.com,Belize
33,Tobe,Evangelia,Tobe.Evangelia@yopmail.com,Saint Pierre and Miquelon
34,Brietta,Krystle,Brietta.Krystle@yopmail.com,Guinea-Bissau
35,Gloria,Leler,Gloria.Leler@yopmail.com,Armenia
36,Sherrie,Zaslow,Sherrie.Zaslow@yopmail.com,Hong Kong
37,Rhoda,Meter,Rhoda.Meter@yopmail.com,Greece
38,Cyb,Pandolfi,Cyb.Pandolfi@yopmail.com,Namibia
39,Louella,Bethany,Louella.Bethany@yopmail.com,American Samoa
40,Devina,Ricarda,Devina.Ricarda@yopmail.com,Bosnia and Herzegovina
41,Chickie,Cottle,Chickie.Cottle@yopmail.com,Algeria
42,Ardys,Argus,Ardys.Argus@yopmail.com,Israel
43,Cecile,Philoo,Cecile.Philoo@yopmail.com,Nigeria
44,Lisette,Lalitta,Lisette.Lalitta@yopmail.com,Montserrat
45,Danika,Lareena,Danika.Lareena@yopmail.com,French Guiana
46,Allyce,Prober,Allyce.Prober@yopmail.com,"Korea, Democratic People""S Republic of"
47,Alisha,Grimbly,Alisha.Grimbly@yopmail.com,Svalbard and Jan Mayen
48,Meg,Gabrielli,Meg.Gabrielli@yopmail.com,Kazakhstan
49,Livvyy,Muriel,Livvyy.Muriel@yopmail.com,Togo
50,Wileen,Eugenia,Wileen.Eugenia@yopmail.com,Swaziland
51,Merry,Fancie,Merry.Fancie@yopmail.com,China
52,Lory,Winnick,Lory.Winnick@yopmail.com,Kuwait
53,Briney,Ezar,Briney.Ezar@yopmail.com,Canada
54,Carolina,Manolo,Carolina.Manolo@yopmail.com,Madagascar
55,Lilith,Craggie,Lilith.Craggie@yopmail.com,San Marino
56,Glynnis,Minetta,Glynnis.Minetta@yopmail.com,Djibouti
57,Calla,Doig,Calla.Doig@yopmail.com,Israel
58,Sandie,Arquit,Sandie.Arquit@yopmail.com,Zimbabwe
59,Aaren,Gabrielli,Aaren.Gabrielli@yopmail.com,Turkey
60,Rebeca,Durante,Rebeca.Durante@yopmail.com,American Samoa
61,Gilligan,Cohdwell,Gilligan.Cohdwell@yopmail.com,Niue
62,Aubrie,Brian,Aubrie.Brian@yopmail.com,Georgia
63,Lelah,Peonir,Lelah.Peonir@yopmail.com,Ethiopia
64,Mathilda,Ambrosia,Mathilda.Ambrosia@yopmail.com,United Kingdom
65,Alisha,Judye,Alisha.Judye@yopmail.com,Niue
66,Dede,Lutero,Dede.Lutero@yopmail.com,Ireland
67,Carlie,Randene,Carlie.Randene@yopmail.com,Egypt
68,Fanny,Rese,Fanny.Rese@yopmail.com,Belize
69,Carilyn,Earlie,Carilyn.Earlie@yopmail.com,Burkina Faso
70,Orelia,Sharl,Orelia.Sharl@yopmail.com,Bahamas
71,Emilia,Leonard,Emilia.Leonard@yopmail.com,Gambia
72,Lisette,Secrest,Lisette.Secrest@yopmail.com,Bermuda
73,Raina,Ailyn,Raina.Ailyn@yopmail.com,Viet Nam
74,Gilligan,Hoenack,Gilligan.Hoenack@yopmail.com,New Caledonia
75,Amii,Rubie,Amii.Rubie@yopmail.com,Reunion
76,Dode,Borrell,Dode.Borrell@yopmail.com,Portugal
77,Elyssa,Francyne,Elyssa.Francyne@yopmail.com,Mongolia
78,Johna,Monk,Johna.Monk@yopmail.com,Mauritius
79,Asia,Stover,Asia.Stover@yopmail.com,Papua New Guinea
80,Winny,Nicoline,Winny.Nicoline@yopmail.com,"Cote D""Ivoire"
81,Livvyy,Phaidra,Livvyy.Phaidra@yopmail.com,Cameroon
82,Annecorinne,Halsey,Annecorinne.Halsey@yopmail.com,Madagascar
83,Hallie,Miru,Hallie.Miru@yopmail.com,Lebanon
84,Suzette,Cottle,Suzette.Cottle@yopmail.com,Norway
85,Gaylene,Papageno,Gaylene.Papageno@yopmail.com,Antarctica
86,Sharlene,Parsaye,Sharlene.Parsaye@yopmail.com,Senegal
87,Bobinette,Chabot,Bobinette.Chabot@yopmail.com,Barbados
88,Clary,Sekofski,Clary.Sekofski@yopmail.com,Finland
89,Donetta,Gherardo,Donetta.Gherardo@yopmail.com,Bosnia and Herzegovina
90,Jorry,Naashom,Jorry.Naashom@yopmail.com,Greece
91,Shannah,Cecile,Shannah.Cecile@yopmail.com,Senegal
92,Karena,Rese,Karena.Rese@yopmail.com,Egypt
93,Felice,Brenn,Felice.Brenn@yopmail.com,Botswana
94,Claudina,Modie,Claudina.Modie@yopmail.com,Seychelles
95,Oona,Orpah,Oona.Orpah@yopmail.com,Czech Republic
96,Courtnay,Garek,Courtnay.Garek@yopmail.com,Monaco
97,Briney,Kermit,Briney.Kermit@yopmail.com,"Korea, Democratic People""S Republic of"
98,Jackie,Vivle,Jackie.Vivle@yopmail.com,Marshall Islands
99,Marcy,Blase,Marcy.Blase@yopmail.com,Bolivia
100,Rosene,Hedve,Rosene.Hedve@yopmail.com,Sri Lanka